id_centre_desservi,lib_centre_desservi,milieu,id_centre_2024,lib_centre_uniformise,code_commune,type_centre,sa_centre,population_2024,menages_2024,prov_key,id_province,lib_province,code_region_12,id_dr_admin,libelle_region,srm,lib_commune,mappable_on_map
01.051.11.01.3,AIT KAMRA,Urbain,01.051.11.01.3,Ait Kamra,01.051.11.01,CU,URB,3140.0,625.0,1.051,1.051,Al Hoceima,01,DR5,Tanger-Tetouan-Al Hoceima,SRM TTA,Ait Kamra,True
01.227.03.05.3,ANJRA,Urbain,01.227.03.05.3,Anjra,01.227.03.05,CU,URB,3763.0,899.0,1.227,1.227,Fahs-Anjra,01,DR9,Tanger-Tetouan-Al Hoceima,SRM TTA,Anjra,True
01.405.07.15.3,SIDI REDOUANE,Urbain,01.405.07.15.3,Sidi Redouane,01.405.07.15,CU,URB,4112.0,1124.0,1.405,1.405,Ouezzane,01,DR9,Tanger-Tetouan-Al Hoceima,SRM TTA,Sidi Redouane,True
035510101,AKKA,Urbain,09.551.01.01,Akka,09.551.01.01,Commune,URB,5575.0,1337.0,9.551,9.551,Tata,09,DR1,Souss-Massa,SRM SM,Akka,True
035510103,FOUM EL HISSEN,Urbain,09.551.01.03,Fam El Hisn,09.551.01.03,Commune,URB,5908.0,1294.0,9.551,9.551,Tata,09,DR1,Souss-Massa,SRM SM,Fam El Hisn,True
035510105,FOUM ZGUID,Urbain,09.551.01.05,Foum Zguid,09.551.01.05,Commune,URB,8660.0,1902.0,9.551,9.551,Tata,09,DR1,Souss-Massa,SRM SM,Foum Zguid,True
035510107,TATA,Urbain,09.551.01.07,Tata,09.551.01.07,Commune,URB,19544.0,4218.0,9.551,9.551,Tata,09,DR1,Souss-Massa,SRM SM,Tata,True
0400105093,DRARGUA,Urbain,09.001.05.09.3,Drargua,09.001.05.09,CU,URB,78830.0,18648.0,9.001,9.001,Agadir-Ida -Ou-Tanane,09,DR1,Souss-Massa,SRM SM,Drargua,True
041630103,AIT BAHA,Urbain,09.163.01.03,Ait Baha,09.163.01.03,Commune,URB,6007.0,1611.0,9.163,9.163,Chtouka- Ait Baha,09,DR1,Souss-Massa,SRM SM,Ait Baha,True
041630111,BIOUGRA,Urbain,09.163.01.11,Biougra,09.163.01.11,Commune,URB,50626.0,13774.0,9.163,9.163,Chtouka- Ait Baha,09,DR1,Souss-Massa,SRM SM,Biougra,True
0416305113,BELFAA,Urbain,09.163.05.11.3,Belfaa,09.163.05.11,CU,URB,13492.0,3649.0,9.163,9.163,Chtouka- Ait Baha,09,DR1,Souss-Massa,SRM SM,Belfaa,True
0416305213,MASSA,Urbain,09.163.05.21.3,Massa,09.163.05.21,CU,URB,11496.0,3198.0,9.163,9.163,Chtouka- Ait Baha,09,DR1,Souss-Massa,SRM SM,Massa,True
0416307013,AIT AMIRA,Urbain,09.163.01.01.3,Ait Amira,09.163.01.01,CU,URB,78163.0,21308.0,9.163,9.163,Chtouka- Ait Baha,09,DR1,Souss-Massa,SRM SM,Ait Amira,True
0416307273,SIDI BIBI,Urbain,09.163.01.27.3,Sidi Bibi,09.163.01.27,CU,URB,12359.0,3008.0,9.163,9.163,Chtouka- Ait Baha,09,DR1,Souss-Massa,SRM SM,Sidi Bibi,True
0427305173,LQLIAA,Urbain,09.273.01.17,Lqliaa,09.273.01.17,Commune,URB,107133.0,25615.0,9.273,9.273,Inezgane- Ait Melloul,09,DR1,Souss-Massa,SRM SM,Lqliaa,True
0427305273,TEMSIA,Urbain,09.273.05.27.3,Temsia,09.273.05.27,CU,URB,37128.0,8861.0,9.273,9.273,Inezgane- Ait Melloul,09,DR1,Souss-Massa,SRM SM,Temsia,True
045410101,AIT IAZZA,Urbain,09.541.01.01,Ait Iaaza,09.541.01.01,Commune,URB,17339.0,4145.0,9.541,9.541,Taroudannt,09,DR1,Souss-Massa,SRM SM,Ait Iaaza,True
045410103,EL GUERDANE,Urbain,09.541.01.03,El Guerdane,09.541.01.03,Commune,URB,13747.0,3292.0,9.541,9.541,Taroudannt,09,DR1,Souss-Massa,SRM SM,El Guerdane,True
045410105,IGHERM,Urbain,09.541.01.05,Irherm,09.541.01.05,Commune,URB,4127.0,1310.0,9.541,9.541,Taroudannt,09,DR1,Souss-Massa,SRM SM,Irherm,True
045410107,OULAD BERHIL,Urbain,09.541.01.07,Oulad Berhil,09.541.01.07,Commune,URB,30330.0,7068.0,9.541,9.541,Taroudannt,09,DR1,Souss-Massa,SRM SM,Oulad Berhil,True
045410109,OULAD TEIMA,Urbain,09.541.01.09,Oulad Teima,09.541.01.09,Commune,URB,100284.0,24494.0,9.541,9.541,Taroudannt,09,DR1,Souss-Massa,SRM SM,Oulad Teima,True
045410111,TALIOUINE,Urbain,09.541.01.11,Taliouine,09.541.01.11,Commune,URB,7040.0,1753.0,9.541,9.541,Taroudannt,09,DR1,Souss-Massa,SRM SM,Taliouine,True
045410113,TAROUDANNT,Urbain,09.541.01.13,Taroudannt,09.541.01.13,Commune,URB,83496.0,21821.0,9.541,9.541,Taroudannt,09,DR1,Souss-Massa,SRM SM,Taroudannt,True
0454104073,AOULOUZ,Urbain,09.541.01.02,Aoulouz,09.541.01.02,Commune,URB,21502.0,4605.0,9.541,9.541,Taroudannt,09,DR1,Souss-Massa,SRM SM,Aoulouz,True
045810105,TAFRAOUT,Urbain,09.581.01.05,Tafraout,09.581.01.05,Commune,URB,6124.0,1849.0,9.581,9.581,Tiznit,09,DR1,Souss-Massa,SRM SM,Tafraout,True
045810107,TIZNIT,Urbain,09.581.01.07,Tiznit,09.581.01.07,Commune,URB,86595.0,23860.0,9.581,9.581,Tiznit,09,DR1,Souss-Massa,SRM SM,Tiznit,True
054810109,OUEZZANE,Urbain,01.405.01.09,Ouezzane,01.405.01.09,Commune,URB,57737.0,16266.0,1.405,1.405,Ouezzane,01,DR9,Tanger-Tetouan-Al Hoceima,SRM TTA,Ouezzane,True
0548107033,AIN DORIJ,Urbain,01.405.13.03.3,Ain Dorij,01.405.13.03,CU,URB,4852.0,1319.0,1.405,1.405,Ouezzane,01,DR9,Tanger-Tetouan-Al Hoceima,SRM TTA,Lamjaara,True
081130101,AHFIR,Urbain,02.113.01.01,Ahfir,02.113.01.01,Commune,URB,16310.0,4612.0,2.113,2.113,Berkane,02,DR6,Oriental,SRM ORI,Ahfir,True
081130105,AIN ERRAGADA,Urbain,02.113.01.05,Ain Erreggada,02.113.01.05,Commune,URB,2391.0,658.0,2.113,2.113,Berkane,02,DR6,Oriental,SRM ORI,Ain Erreggada,True
081130107,AKLIM,Urbain,02.113.01.07,Aklim,02.113.01.07,Commune,URB,8630.0,2330.0,2.113,2.113,Berkane,02,DR6,Oriental,SRM ORI,Aklim,True
081130109,BERKANE,Urbain,02.113.01.09,Berkane,02.113.01.09,Commune,URB,99069.0,27454.0,2.113,2.113,Berkane,02,DR6,Oriental,SRM ORI,Berkane,True
081130125,SAIDIA,Urbain,02.113.01.25,Saidia,02.113.01.25,Commune,URB,10514.0,3220.0,2.113,2.113,Berkane,02,DR6,Oriental,SRM ORI,Saidia,True
081130129,SIDI SLIMANE CHRAA,Urbain,02.113.01.29,Sidi Slimane Echcharraa,02.113.01.29,Commune,URB,31686.0,7689.0,2.113,2.113,Berkane,02,DR6,Oriental,SRM ORI,Sidi Slimane Echcharraa,True
0811303113,MADAGH,Urbain,02.113.03.11.3,Madagh,02.113.03.11,CU,URB,6910.0,1694.0,2.113,2.113,Berkane,02,DR6,Oriental,SRM ORI,Madagh,True
082510101,BOUARFA,Urbain,02.251.01.01,Bouarfa,02.251.01.01,Commune,URB,30068.0,6715.0,2.251,2.251,Figuig,02,DR6,Oriental,SRM ORI,Bouarfa,True
082510103,FIGUIG,Urbain,02.251.01.03,Figuig,02.251.01.03,Commune,URB,10449.0,2843.0,2.251,2.251,Figuig,02,DR6,Oriental,SRM ORI,Figuig,True
0825103033,BNI TAJJIT,Urbain,02.251.03.03.3,Bni Tadjite,02.251.03.03,CU,URB,9474.0,2316.0,2.251,2.251,Figuig,02,DR6,Oriental,SRM ORI,Bni Tadjite,True
0825103053,BOUANANE,Urbain,02.251.03.05.3,Bouanane,02.251.03.05,CU,URB,4521.0,980.0,2.251,2.251,Figuig,02,DR6,Oriental,SRM ORI,Bouanane,True
0825103113,TALSSINT,Urbain,02.251.07.11.3,Talsint,02.251.07.11,CU,URB,12629.0,3462.0,2.251,2.251,Figuig,02,DR6,Oriental,SRM ORI,Talsint,True
0825105073,TENDRARA,Urbain,02.251.05.07.3,Tendrara,02.251.05.07,CU,URB,9262.0,2181.0,2.251,2.251,Figuig,02,DR6,Oriental,SRM ORI,Tendrara,True
082750103,AIN BENI MATHAR,Urbain,02.275.01.03,Ain Bni Mathar,02.275.01.03,Commune,URB,15488.0,3605.0,2.275,2.275,Jerada,02,DR6,Oriental,SRM ORI,Ain Bni Mathar,True
082750117,JERADA,Urbain,02.275.01.17,Jerada,02.275.01.17,Commune,URB,41014.0,10141.0,2.275,2.275,Jerada,02,DR6,Oriental,SRM ORI,Jerada,True
082750135,TOUISSIT,Urbain,02.275.01.35,Touissit,02.275.01.35,Commune,URB,3066.0,808.0,2.275,2.275,Jerada,02,DR6,Oriental,SRM ORI,Touissit,True
0827503153,BOUBKER,Urbain,02.275.09.15.3,Sidi Boubker,02.275.09.15,CU,URB,1747.0,459.0,2.275,2.275,Jerada,02,DR6,Oriental,SRM ORI,Sidi Boubker,True
0827503213,OUED EL HEIMER,Urbain,02.275.09.21.3,Oued El Heimer,02.275.09.21,CU,URB,1407.0,350.0,2.275,2.275,Jerada,02,DR6,Oriental,SRM ORI,Tiouli,True
083810101,AL AAROUI,Urbain,02.381.01.01,Al Aaroui,02.381.01.01,Commune,URB,46540.0,11844.0,2.381,2.381,Nador,02,DR6,Oriental,SRM ORI,Al Aaroui,True
083810103,BENI NSAR,Urbain,02.381.01.03,Bni Ansar,02.381.01.03,Commune,URB,50508.0,13404.0,2.381,2.381,Nador,02,DR6,Oriental,SRM ORI,Bni Ansar,True
083810105,NADOR,Urbain,02.381.01.05,Nador,02.381.01.05,Commune,URB,158202.0,43049.0,2.381,2.381,Nador,02,DR6,Oriental,SRM ORI,Nador,True
083810107,ZAIO,Urbain,02.381.01.07,Zaio,02.381.01.07,Commune,URB,36766.0,9646.0,2.381,2.381,Nador,02,DR6,Oriental,SRM ORI,Zaio,True
083810109,ZEGANGAN,Urbain,02.381.01.09,Zeghanghane,02.381.01.09,Commune,URB,31431.0,8355.0,2.381,2.381,Nador,02,DR6,Oriental,SRM ORI,Zeghanghane,True
083810307,DAR EL KEBDANI,Urbain,02.167.15.07.3,Dar El Kebdani,02.167.15.07,CU,URB,3595.0,978.0,2.167,2.167,Driouch,02,DR6,Oriental,SRM ORI,Dar El Kebdani,True
0838103093,DRIOUCH,Urbain,02.167.01.09,Driouch,02.167.01.09,Commune,URB,15661.0,4168.0,2.167,2.167,Driouch,02,DR6,Oriental,SRM ORI,Driouch,True
0838105033,BNI CHIKER,Urbain,02.381.05.03.3,Bni Chiker,02.381.05.03,CU,URB,4825.0,1162.0,2.381,2.381,Nador,02,DR6,Oriental,SRM ORI,Bni Chiker,True
0838105193,SELOUANE,Urbain,02.381.01.19,Selouane,02.381.01.19,Commune,URB,29628.0,7568.0,2.381,2.381,Nador,02,DR6,Oriental,SRM ORI,Selouane,True
0838107053,KARIAT AREKMANE,Urbain,02.381.07.05.3,Kariat Arekmane,02.381.07.05,CU,URB,4602.0,1307.0,2.381,2.381,Nador,02,DR6,Oriental,SRM ORI,Arekmane,True
0838107153,RAS EL MA,Urbain,02.381.01.15,Ras El Ma,02.381.01.15,Commune,URB,7527.0,2077.0,2.381,2.381,Nador,02,DR6,Oriental,SRM ORI,Ras El Ma,True
0838107173,TIZTOUTINE,Urbain,02.381.07.17.3,Tiztoutine,02.381.07.17,CU,URB,4586.0,1179.0,2.381,2.381,Nador,02,DR6,Oriental,SRM ORI,Tiztoutine,True
0838109033,BEN TAIEB,Urbain,02.167.01.03,Ben Taieb,02.167.01.03,Commune,URB,15002.0,3877.0,2.167,2.167,Driouch,02,DR6,Oriental,SRM ORI,Ben Taieb,True
0838109133,MIDAR,Urbain,02.167.01.13,Midar,02.167.01.13,Commune,URB,15391.0,3975.0,2.167,2.167,Driouch,02,DR6,Oriental,SRM ORI,Midar,True
0838109213,TAFERSIT,Urbain,02.167.13.21.3,Tafersit,02.167.13.21,CU,URB,2964.0,828.0,2.167,2.167,Driouch,02,DR6,Oriental,SRM ORI,Tafersit,True
0838109253,KEROUNA,Urbain,02.167.11.25.3,Kourouna,02.167.11.25,CU,URB,2858.0,789.0,2.167,2.167,Driouch,02,DR6,Oriental,SRM ORI,Temsamane,True
0838109293,KASSITA,Urbain,02.167.13.29.3,Kassita,02.167.13.29,CU,URB,2876.0,756.0,2.167,2.167,Driouch,02,DR6,Oriental,SRM ORI,Tsaft,True
084110111,BENI DRAR,Urbain,02.411.01.11,Bni Drar,02.411.01.11,Commune,URB,10907.0,2595.0,2.411,2.411,Oujda-Angad,02,DR6,Oriental,SRM ORI,Bni Drar,True
084110119,NAIMA,Urbain,02.411.01.19,Naima,02.411.01.19,Commune,URB,1019.0,257.0,2.411,2.411,Oujda-Angad,02,DR6,Oriental,SRM ORI,Naima,True
084110123,OUJDA,Urbain,02.411.01.23,Oujda,02.411.01.23,Commune,URB,506224.0,134330.0,2.411,2.411,Oujda-Angad,02,DR6,Oriental,SRM ORI,Oujda,True
085330113,DEBDOU,Urbain,02.533.01.13,Debdou,02.533.01.13,Commune,URB,4447.0,1128.0,2.533,2.533,Taourirt,02,DR6,Oriental,SRM ORI,Debdou,True
085330115,EL AIOUN,Urbain,02.533.01.15,El Aioun Sidi Mellouk,02.533.01.15,Commune,URB,40652.0,9657.0,2.533,2.533,Taourirt,02,DR6,Oriental,SRM ORI,El Aioun Sidi Mellouk,True
085330133,TAOURIRT,Urbain,02.533.01.33,Taourirt,02.533.01.33,Commune,URB,100402.0,23633.0,2.533,2.533,Taourirt,02,DR6,Oriental,SRM ORI,Taourirt,True
150510101,AL HOCEIMA,Urbain,01.051.01.01,Al Hoceima,01.051.01.01,Commune,URB,50225.0,14351.0,1.051,1.051,Al Hoceima,01,DR5,Tanger-Tetouan-Al Hoceima,SRM TTA,Al Hoceima,True
150510103,BNI BOUAYACH,Urbain,01.051.01.03,Bni Bouayach,01.051.01.03,Commune,URB,20013.0,4969.0,1.051,1.051,Al Hoceima,01,DR5,Tanger-Tetouan-Al Hoceima,SRM TTA,Bni Bouayach,True
150510105,IMZOUREN,Urbain,01.051.01.05,Imzouren,01.051.01.05,Commune,URB,34848.0,8677.0,1.051,1.051,Al Hoceima,01,DR5,Tanger-Tetouan-Al Hoceima,SRM TTA,Imzouren,True
150510107,TARGUIST,Urbain,01.051.01.07,Targuist,01.051.01.07,Commune,URB,14638.0,3756.0,1.051,1.051,Al Hoceima,01,DR5,Tanger-Tetouan-Al Hoceima,SRM TTA,Targuist,True
1505105033,AJDIR ALHOCEIMA,Urbain,01.051.01.09,Ajdir,01.051.01.09,Commune,URB,5630.0,1500.0,1.051,1.051,Al Hoceima,01,DR5,Tanger-Tetouan-Al Hoceima,SRM TTA,Ajdir,True
1505105034,SIDI BOUAFIF,Urbain,01.051.13.03.4,Sidi Bouafif,01.051.13.03,CU,URB,3884.0,1045.0,1.051,1.051,Al Hoceima,01,DR5,Tanger-Tetouan-Al Hoceima,SRM TTA,Ait Youssef Ou Ali,True
1505105093,BNI HADIFA,Urbain,01.051.11.09.3,Bni Hadifa,01.051.11.09,CU,URB,2115.0,555.0,1.051,1.051,Al Hoceima,01,DR5,Tanger-Tetouan-Al Hoceima,SRM TTA,Bni Hadifa,True
1505105133,TAMASSINT,Urbain,01.051.13.13.3,Tamassint,01.051.13.13,CU,URB,1796.0,470.0,1.051,1.051,Al Hoceima,01,DR5,Tanger-Tetouan-Al Hoceima,SRM TTA,Imrabten,True
1505107133,ISSAGUEN,Urbain,01.051.09.13.3,Issaguen,01.051.09.13,CU,URB,2688.0,835.0,1.051,1.051,Al Hoceima,01,DR5,Tanger-Tetouan-Al Hoceima,SRM TTA,Issaguen,True
155610103,GUERCIF,Urbain,02.265.01.03,Guercif,02.265.01.03,Commune,URB,80703.0,18585.0,2.265,2.265,Guercif,02,DR5,Oriental,SRM ORI,Guercif,True
161510101,CHEFCHAOUEN,Urbain,01.151.01.01,Chefchaouen,01.151.01.01,Commune,URB,46168.0,12474.0,1.151,1.151,Chefchaouen,01,DR9,Tanger-Tetouan-Al Hoceima,SRM TTA,Chefchaouen,True
1615103033,BAB BERRED,Urbain,01.151.03.03.3,Bab Berred,01.151.03.03,CU,URB,5947.0,1488.0,1.151,1.151,Chefchaouen,01,DR9,Tanger-Tetouan-Al Hoceima,SRM TTA,Bab Berred,True
1615103173,EL JEBHA,Urbain,01.151.09.17.3,Jebha,01.151.09.17,CU,URB,4471.0,1187.0,1.151,1.151,Chefchaouen,01,DR9,Tanger-Tetouan-Al Hoceima,SRM TTA,M'tioua,True
1615105013,BAB TAZA,Urbain,01.151.05.01.3,Bab Taza,01.151.05.01,CU,URB,6046.0,1462.0,1.151,1.151,Chefchaouen,01,DR9,Tanger-Tetouan-Al Hoceima,SRM TTA,Bab Taza,True
1615109053,BRIKCHA,Urbain,01.405.09.05.3,Brikcha,01.405.09.05,CU,URB,1156.0,388.0,1.405,1.405,Ouezzane,01,DR9,Tanger-Tetouan-Al Hoceima,SRM TTA,Brikcha,True
1615109093,MOQRISSAT,Urbain,01.405.09.09.3,Moqrisset,01.405.09.09,CU,URB,2007.0,548.0,1.405,1.405,Ouezzane,01,DR9,Tanger-Tetouan-Al Hoceima,SRM TTA,Moqrisset,True
1615109113,ZOUMI,Urbain,01.405.11.11.3,Zoumi,01.405.11.11,CU,URB,4662.0,1407.0,1.405,1.405,Ouezzane,01,DR9,Tanger-Tetouan-Al Hoceima,SRM TTA,Zoumi,True
163310101,KSAR EL KEBIR,Urbain,01.331.01.01,Ksar El Kebir,01.331.01.01,Commune,URB,124701.0,33188.0,1.331,1.331,Larache,01,DR9,Tanger-Tetouan-Al Hoceima,SRM TTA,Ksar El Kebir,True
163310103,LARACHE,Urbain,01.331.01.03,Larache,01.331.01.03,Commune,URB,133731.0,35818.0,1.331,1.331,Larache,01,DR9,Tanger-Tetouan-Al Hoceima,SRM TTA,Larache,True
1633105113,KHMIS SAHEL,Urbain,01.331.11.11.3,Khemis Sahel,01.331.11.11,CU,URB,7077.0,1753.0,1.331,1.331,Larache,01,DR9,Tanger-Tetouan-Al Hoceima,SRM TTA,Sahel,True
1633107053,LAOUAMRA,Urbain,01.331.07.05.3,Laouamra,01.331.07.05,CU,URB,9941.0,2202.0,1.331,1.331,Larache,01,DR9,Tanger-Tetouan-Al Hoceima,SRM TTA,Laouamra,True
1651103073,DAR CHAOUI,Urbain,01.511.05.07.3,Dar Chaoui,01.511.05.07,CU,URB,1494.0,401.0,1.511,1.511,Tanger-Assilah,01,DR9,Tanger-Tetouan-Al Hoceima,SRM TTA,Dar Chaoui,True
1651103133,TNINE S  YAMANI,Urbain,01.511.03.13.3,Tnine Sidi Lyamani,01.511.03.13,CU,URB,1031.0,279.0,1.511,1.511,Tanger-Assilah,01,DR9,Tanger-Tetouan-Al Hoceima,SRM TTA,Sidi Lyamani,True
165710107,OUED LAOU,Urbain,01.571.01.07,Oued Laou,01.571.01.07,Commune,URB,11690.0,3153.0,1.571,1.571,Tétouan,01,DR9,Tanger-Tetouan-Al Hoceima,SRM TTA,Oued Laou,True
1657103093,KARIA JBEL LEHBIB,Urbain,01.571.03.09.3,Karia,01.571.03.09,CU,URB,1494.0,395.0,1.571,1.571,Tétouan,01,DR9,Tanger-Tetouan-Al Hoceima,SRM TTA,Jbel Lahbib,True
1657105173,DAR BNI KARRICH,Urbain,01.571.05.17.3,Dar Bni Karrich,01.571.05.17,CU,URB,4113.0,1104.0,1.571,1.571,Tétouan,01,DR9,Tanger-Tetouan-Al Hoceima,SRM TTA,Dar Bni Karrich,True
1M1B49,GERANCE HMAR LAGLALCHA,Rural,09.541.11.01,Ahmar Laglalcha,09.541.11.01,Commune,RUR,21659.0,5069.0,9.541,9.541,Taroudannt,09,DR1,Souss-Massa,SRM SM,Ahmar Laglalcha,True
1M1B59,GERANCE SIDI MOUSSA LHAMRI,Rural,09.541.11.29,Sidi Moussa Lhamri,09.541.11.29,Commune,RUR,17673.0,3814.0,9.541,9.541,Taroudannt,09,DR1,Souss-Massa,SRM SM,Sidi Moussa Lhamri,True
1M1B79,GERANCE AIT ABDELLAH,Rural,09.541.03.03,Ait Abdallah,09.541.03.03,Commune,RUR,1635.0,643.0,9.541,9.541,Taroudannt,09,DR1,Souss-Massa,SRM SM,Ait Abdallah,True
1M1D29,GERANCE SIDI BOUMOUSSA,Rural,09.541.05.27,Sidi Boumoussa,09.541.05.27,Commune,RUR,23160.0,5558.0,9.541,9.541,Taroudannt,09,DR1,Souss-Massa,SRM SM,Sidi Boumoussa,True
1M2A35,DOUARS MASSA,Rural,09.163.05.21.3,Massa,09.163.05.21,CU,URB,11496.0,3198.0,9.163,9.163,Chtouka- Ait Baha,09,DR1,Souss-Massa,SRM SM,Massa,True
1M2A45,DOUARS AIT MILK,Rural,09.163.05.03,Ait Milk,09.163.05.03,Commune,RUR,8706.0,2523.0,9.163,9.163,Chtouka- Ait Baha,09,DR1,Souss-Massa,SRM SM,Ait Milk,True
1M2A49,GERANCE AIT MILK,Rural,09.163.05.03,Ait Milk,09.163.05.03,Commune,RUR,8706.0,2523.0,9.163,9.163,Chtouka- Ait Baha,09,DR1,Souss-Massa,SRM SM,Ait Milk,True
1M2B25,DOUARS AIT BAHA,Rural,09.163.01.03,Ait Baha,09.163.01.03,Commune,URB,6007.0,1611.0,9.163,9.163,Chtouka- Ait Baha,09,DR1,Souss-Massa,SRM SM,Ait Baha,True
1M2B39,GERANCE IDAOUGNIDIF,Rural,09.163.03.15,Ida Ougnidif,09.163.03.15,Commune,RUR,2095.0,787.0,9.163,9.163,Chtouka- Ait Baha,09,DR1,Souss-Massa,SRM SM,Ida Ougnidif,True
1M3C19,GERANCE TALAINT,Rural,09.581.11.11,Reggada,09.581.11.11,Commune,RUR,12521.0,3458.0,9.581,9.581,Tiznit,09,DR1,Souss-Massa,SRM SM,Reggada,True
1M3C59,GERANCE LARBAA SAHEL ,Rural,09.581.11.03,Arbaa Sahel,09.581.11.03,Commune,RUR,8820.0,2650.0,9.581,9.581,Tiznit,09,DR1,Souss-Massa,SRM SM,Arbaa Sahel,True
1M3C69,GERANCE AGLOU,Rural,09.581.11.15,Tnine Aglou,09.581.11.15,Commune,RUR,9950.0,2979.0,9.581,9.581,Tiznit,09,DR1,Souss-Massa,SRM SM,Tnine Aglou,True
1M3C75,DOUARS AVAL TIZNIT ,Rural,,DOUARS AVAL TIZNIT,,,,,,,9.581,Tiznit,09,DR1,Souss-Massa,SRM SM,,False
1M3D29,GERANCE ZAOUIYATE SIDI AHMED OU MOUSSA,Rural,09.581.03.09,Sidi Ahmed Ou Moussa,09.581.03.09,Commune,RUR,3339.0,910.0,9.581,9.581,Tiznit,09,DR1,Souss-Massa,SRM SM,Sidi Ahmed Ou Moussa,True
1M3D35,DOUARS TIGHMI,Rural,09.581.03.13,Tighmi,09.581.03.13,Commune,RUR,5492.0,1551.0,9.581,9.581,Tiznit,09,DR1,Souss-Massa,SRM SM,Tighmi,True
1M3D39,GERANCE TIGHMI,Rural,09.581.03.13,Tighmi,09.581.03.13,Commune,RUR,5492.0,1551.0,9.581,9.581,Tiznit,09,DR1,Souss-Massa,SRM SM,Tighmi,True
1M3D49,GERANCE TIZOUGHRANE ,Rural,09.581.03.15,Tizoughrane,09.581.03.15,Commune,RUR,3725.0,1231.0,9.581,9.581,Tiznit,09,DR1,Souss-Massa,SRM SM,Tizoughrane,True
1M3D59,GERANCE ANZI,Rural,09.581.03.03,Anzi,09.581.03.03,Commune,RUR,6199.0,1793.0,9.581,9.581,Tiznit,09,DR1,Souss-Massa,SRM SM,Anzi,True
1M3D69,GERANCE AMMELNE,Rural,09.581.09.05,Ammelne,09.581.09.05,Commune,RUR,2782.0,1088.0,9.581,9.581,Tiznit,09,DR1,Souss-Massa,SRM SM,Ammelne,True
1M3E19,GERANCE RAS MOUKA,Rural,09.581.11.01,Arbaa Rasmouka,09.581.11.01,Commune,RUR,4620.0,1378.0,9.581,9.581,Tiznit,09,DR1,Souss-Massa,SRM SM,Arbaa Rasmouka,True
1M3E25,DOUARS AMONT TIZNIT,Rural,,DOUARS AMONT TIZNIT,,,,,,,9.581,Tiznit,09,DR1,Souss-Massa,SRM SM,,False
1M3E39,GERANCE EL MAADAR EL KABIR,Rural,09.581.11.07,El Maader El Kabir,09.581.11.07,Commune,RUR,6009.0,1797.0,9.581,9.581,Tiznit,09,DR1,Souss-Massa,SRM SM,El Maader El Kabir,True
1M5A29,GERANCE ISSAFEN,Rural,09.551.07.03,Issafen,09.551.07.03,Commune,RUR,3031.0,975.0,9.551,9.551,Tata,09,DR1,Souss-Massa,SRM SM,Issafen,True
1M5B29,GERANCE ABDELLAH BEN M BAREK,Rural,09.551.03.03,Kasbat Sidi Abdellah Ben M'barek,09.551.03.03,Commune,RUR,6840.0,1335.0,9.551,9.551,Tata,09,DR1,Souss-Massa,SRM SM,Kasbat Sidi Abdellah Ben M'barek,True
1M5C29,GERANCE TISSINT,Rural,09.551.05.09,Tissint,09.551.05.09,Commune,RUR,8797.0,1756.0,9.551,9.551,Tata,09,DR1,Souss-Massa,SRM SM,Tissint,True
1M5C39,GERANCE ALLOUGOUM,Rural,09.551.05.05,Allougoum,09.551.05.05,Commune,RUR,8251.0,1505.0,9.551,9.551,Tata,09,DR1,Souss-Massa,SRM SM,Allougoum,True
1M5C49,GERANCE AKKA IGHANE,Rural,09.551.05.03,Akka Ighane,09.551.05.03,Commune,RUR,6045.0,1338.0,9.551,9.551,Tata,09,DR1,Souss-Massa,SRM SM,Akka Ighane,True
1S2A15,DOUARS DRARGA,Rural,09.001.05.09.3,Drargua,09.001.05.09,CU,URB,78830.0,18648.0,9.001,9.001,Agadir-Ida -Ou-Tanane,09,DR1,Souss-Massa,SRM SM,Drargua,True
1S2A35,DOUARS AMSKROUD,Rural,09.001.05.01,Amskroud,09.001.05.01,Commune,RUR,9648.0,2395.0,9.001,9.001,Agadir-Ida -Ou-Tanane,09,DR1,Souss-Massa,SRM SM,Amskroud,True
1S2A39,GERANCE AMSKROUD,Rural,09.001.05.01,Amskroud,09.001.05.01,Commune,RUR,9648.0,2395.0,9.001,9.001,Agadir-Ida -Ou-Tanane,09,DR1,Souss-Massa,SRM SM,Amskroud,True
1S2C25,DOUARS IMMOUZZER IDA OUTANAN,Rural,,DOUARS IMMOUZZER IDA OUTANAN,,,,,,,9.001,Agadir-Ida -Ou-Tanane,09,DR1,Souss-Massa,SRM SM,,False
1S2C29,GERANCE IMOUZZER IDA OUTANAN,Rural,09.001.07.13,Imouzzer,09.001.07.13,Commune,RUR,4087.0,1094.0,9.001,9.001,Agadir-Ida -Ou-Tanane,09,DR1,Souss-Massa,SRM SM,Imouzzer,True
1S2C45,DOUARS IMSSOUANE,Rural,09.001.07.15,Imsouane,09.001.07.15,Commune,RUR,7246.0,1910.0,9.001,9.001,Agadir-Ida -Ou-Tanane,09,DR1,Souss-Massa,SRM SM,Imsouane,True
1S2C49,GERANCE IMSSOUANE,Rural,09.001.07.15,Imsouane,09.001.07.15,Commune,RUR,7246.0,1910.0,9.001,9.001,Agadir-Ida -Ou-Tanane,09,DR1,Souss-Massa,SRM SM,Imsouane,True
1S2C55,DOUARS TAMRI,Rural,09.001.07.25,Tamri,09.001.07.25,Commune,RUR,19790.0,4899.0,9.001,9.001,Agadir-Ida -Ou-Tanane,09,DR1,Souss-Massa,SRM SM,Tamri,True
1S2C59,GERANCE TAMRI,Rural,09.001.07.25,Tamri,09.001.07.25,Commune,RUR,19790.0,4899.0,9.001,9.001,Agadir-Ida -Ou-Tanane,09,DR1,Souss-Massa,SRM SM,Tamri,True
1S2C65,DOUARS TAGHAZOUT,Rural,09.001.07.23,Taghazout,09.001.07.23,Commune,RUR,4861.0,1393.0,9.001,9.001,Agadir-Ida -Ou-Tanane,09,DR1,Souss-Massa,SRM SM,Taghazout,True
1S2C69,GERANCE TAGHAZOUT,Rural,09.001.07.23,Taghazout,09.001.07.23,Commune,RUR,4861.0,1393.0,9.001,9.001,Agadir-Ida -Ou-Tanane,09,DR1,Souss-Massa,SRM SM,Taghazout,True
6M1A39,GERANCE BNI GUIL,Rural,02.251.05.03,Bni Guil,02.251.05.03,Commune,RUR,8261.0,1828.0,2.251,2.251,Figuig,02,DR6,Oriental,SRM ORI,Bni Guil,True
6M1B49,GERANCE AIN CHAIR,Rural,02.251.03.13,Ain Chair,02.251.03.13,Commune,RUR,1501.0,397.0,2.251,2.251,Figuig,02,DR6,Oriental,SRM ORI,Ain Chair,True
6M2A39,GERANCE TSAFT,Rural,02.167.13.29.3,Kassita,02.167.13.29,CU,URB,2876.0,756.0,2.167,2.167,Driouch,02,DR6,Oriental,SRM ORI,Tsaft,True
6M2A49,GERANCE AZLAF,Rural,02.167.13.01,Azlaf,02.167.13.01,Commune,RUR,4132.0,1102.0,2.167,2.167,Driouch,02,DR6,Oriental,SRM ORI,Azlaf,True
6M2B19,GERANCE TROUGOUT,Rural,02.167.11.27,Trougout,02.167.11.27,Commune,RUR,11348.0,2754.0,2.167,2.167,Driouch,02,DR6,Oriental,SRM ORI,Trougout,True
6M2D29,GERANCE AIN ZOHRA,Rural,02.167.17.01,Ain Zohra,02.167.17.01,Commune,RUR,8705.0,2163.0,2.167,2.167,Driouch,02,DR6,Oriental,SRM ORI,Ain Zohra,True
6M3A29,GERANCE MRIJA,Rural,02.275.05.11,Mrija,02.275.05.11,Commune,RUR,2882.0,563.0,2.275,2.275,Jerada,02,DR6,Oriental,SRM ORI,Mrija,True
6M3A39,GERANCE OULED GHZIEL,Rural,02.275.05.13,Oulad Ghziyel,02.275.05.13,Commune,RUR,4656.0,856.0,2.275,2.275,Jerada,02,DR6,Oriental,SRM ORI,Oulad Ghziyel,True
6M3A49,GERANCE BENI MATHAR,Rural,02.275.05.01,Bni Mathar,02.275.05.01,Commune,RUR,10887.0,2223.0,2.275,2.275,Jerada,02,DR6,Oriental,SRM ORI,Bni Mathar,True
6M3A59,GERANCE OULED SIDI ABDELHAKEM (DOGHMANIA),Rural,02.275.05.15,Oulad Sidi Abdelhakem,02.275.05.15,Commune,RUR,1276.0,254.0,2.275,2.275,Jerada,02,DR6,Oriental,SRM ORI,Oulad Sidi Abdelhakem,True
6M3B49,GERANCE RAS OUSFOUR,Rural,02.275.09.13,Ras Asfour,02.275.09.13,Commune,RUR,1275.0,312.0,2.275,2.275,Jerada,02,DR6,Oriental,SRM ORI,Ras Asfour,True
6M3B59,GERANCE TIOULI,Rural,02.275.09.21.3,Oued El Heimer,02.275.09.21,CU,URB,1407.0,350.0,2.275,2.275,Jerada,02,DR6,Oriental,SRM ORI,Tiouli,True
6M3C29,GERANCE GUENFOUDA,Rural,02.275.09.05,Guenfouda,02.275.09.05,Commune,RUR,5712.0,1359.0,2.275,2.275,Jerada,02,DR6,Oriental,SRM ORI,Guenfouda,True
6M3C39,GERANCE LAAOUINATE,Rural,02.275.07.07,Laaouinate,02.275.07.07,Commune,RUR,5467.0,930.0,2.275,2.275,Jerada,02,DR6,Oriental,SRM ORI,Laaouinate,True
6M4A25,DOUARS TADDART,Rural,02.265.07.17,Taddart,02.265.07.17,Commune,RUR,26540.0,5901.0,2.265,2.265,Guercif,02,DR5,Oriental,SRM ORI,Taddart,True
6M4A29,GERANCE TADDART,Rural,02.265.07.17,Taddart,02.265.07.17,Commune,RUR,26540.0,5901.0,2.265,2.265,Guercif,02,DR5,Oriental,SRM ORI,Taddart,True
6M4A39,GERANCE MEZGUITEM,Rural,02.265.07.09,Mazguitam,02.265.07.09,Commune,RUR,6141.0,1479.0,2.265,2.265,Guercif,02,DR5,Oriental,SRM ORI,Mazguitam,True
6S1A29,GERANCE GTITER,Rural,02.533.09.07,Gteter,02.533.09.07,Commune,RUR,8222.0,1632.0,2.533,2.533,Taourirt,02,DR6,Oriental,SRM ORI,Gteter,True
6S1A39,GERANCE AHL OUED ZA,Rural,02.533.09.01,Ahl Oued Za,02.533.09.01,Commune,RUR,11024.0,2166.0,2.533,2.533,Taourirt,02,DR6,Oriental,SRM ORI,Ahl Oued Za,True
6S1C29,GERANCE AIN SFA,Rural,02.411.03.03,Ain Sfa,02.411.03.03,Commune,RUR,4426.0,1039.0,2.411,2.411,Oujda-Angad,02,DR6,Oriental,SRM ORI,Ain Sfa,True
6S1C39,GERANCE BSARA,Rural,02.411.03.07,Bsara,02.411.03.07,Commune,RUR,1335.0,325.0,2.411,2.411,Oujda-Angad,02,DR6,Oriental,SRM ORI,Bsara,True
6S1C49,GERANCE AHL ANGAD,Rural,02.411.03.01,Ahl Angad,02.411.03.01,Commune,RUR,18051.0,4292.0,2.411,2.411,Oujda-Angad,02,DR6,Oriental,SRM ORI,Ahl Angad,True
6S1C59,GERANCE BNI KHALED,Rural,02.411.03.05,Bni Khaled,02.411.03.05,Commune,RUR,6239.0,1456.0,2.411,2.411,Oujda-Angad,02,DR6,Oriental,SRM ORI,Bni Khaled,True
6S1D19,GERANCE SIDI MOUSSA LEMHAYA,Rural,02.411.05.19,Sidi Moussa Lemhaya,02.411.05.19,Commune,RUR,6062.0,1005.0,2.411,2.411,Oujda-Angad,02,DR6,Oriental,SRM ORI,Sidi Moussa Lemhaya,True
6S1D39,GERANCE ISLY,Rural,02.411.05.09,Isly,02.411.05.09,Commune,RUR,10256.0,1831.0,2.411,2.411,Oujda-Angad,02,DR6,Oriental,SRM ORI,Isly,True
6S1D49,GERANCE SIDI BOULENOIR,Rural,02.411.05.17,Sidi Boulenouar,02.411.05.17,Commune,RUR,3600.0,776.0,2.411,2.411,Oujda-Angad,02,DR6,Oriental,SRM ORI,Sidi Boulenouar,True
6S1E25,DOUARS MELG EL OUIDANE,Rural,02.533.09.11,Melg El Ouidane,02.533.09.11,Commune,RUR,8009.0,1786.0,2.533,2.533,Taourirt,02,DR6,Oriental,SRM ORI,Melg El Ouidane,True
6S1E29,GERANCE MELG EL OUIDANE,Rural,02.533.09.11,Melg El Ouidane,02.533.09.11,Commune,RUR,8009.0,1786.0,2.533,2.533,Taourirt,02,DR6,Oriental,SRM ORI,Melg El Ouidane,True
6S1E39,GERANCE TANCHERFI,Rural,02.533.07.21,Tancherfi,02.533.07.21,Commune,RUR,6092.0,1320.0,2.533,2.533,Taourirt,02,DR6,Oriental,SRM ORI,Tancherfi,True
6S1E49,GERANCE OULED MHAMED,Rural,02.533.03.15,Oulad M'hammed,02.533.03.15,Commune,RUR,2316.0,416.0,2.533,2.533,Taourirt,02,DR6,Oriental,SRM ORI,Oulad M'hammed,True
6S1E59,GERANCE EL ATEF,Rural,02.533.03.05,El Atef,02.533.03.05,Commune,RUR,933.0,183.0,2.533,2.533,Taourirt,02,DR6,Oriental,SRM ORI,El Atef,True
6S1E69,GERANCE SIDI ALI BELKASSEM,Rural,02.533.03.17,Sidi Ali Bel Quassem,02.533.03.17,Commune,RUR,13951.0,2660.0,2.533,2.533,Taourirt,02,DR6,Oriental,SRM ORI,Sidi Ali Bel Quassem,True
6S1E79,GERANCE SIDI LAHCEN,Rural,02.533.03.19,Sidi Lahsen,02.533.03.19,Commune,RUR,6779.0,1386.0,2.533,2.533,Taourirt,02,DR6,Oriental,SRM ORI,Sidi Lahsen,True
6S1F15,DOUARS AIN LEHJER,Rural,02.533.07.03,Ain Lehjer,02.533.07.03,Commune,RUR,7692.0,1751.0,2.533,2.533,Taourirt,02,DR6,Oriental,SRM ORI,Ain Lehjer,True
6S1F19,GERANCE AIN LEHJER,Rural,02.533.07.03,Ain Lehjer,02.533.07.03,Commune,RUR,7692.0,1751.0,2.533,2.533,Taourirt,02,DR6,Oriental,SRM ORI,Ain Lehjer,True
6S1F25,DOUARS MACHRAA HAMMADI,Rural,02.533.07.09,Mechraa Hammadi,02.533.07.09,Commune,RUR,4343.0,1065.0,2.533,2.533,Taourirt,02,DR6,Oriental,SRM ORI,Mechraa Hammadi,True
6S1F29,GERANCE MACHRAA HAMMADI,Rural,02.533.07.09,Mechraa Hammadi,02.533.07.09,Commune,RUR,4343.0,1065.0,2.533,2.533,Taourirt,02,DR6,Oriental,SRM ORI,Mechraa Hammadi,True
6S1F39,GERANCE MESTEGMER,Rural,02.533.07.13,Mestegmer,02.533.07.13,Commune,RUR,5295.0,1245.0,2.533,2.533,Taourirt,02,DR6,Oriental,SRM ORI,Mestegmer,True
6S2B18,CENTRE TZAIST,Rural,02.113.05.03,Boughriba,02.113.05.03,Commune,RUR,19013.0,4777.0,2.113,2.113,Berkane,02,DR6,Oriental,SRM ORI,Boughriba,True
6S2C28,CENTRE MRISS,Rural,02.113.03.01,Aghbal,02.113.03.01,Commune,RUR,16113.0,4288.0,2.113,2.113,Berkane,02,DR6,Oriental,SRM ORI,Aghbal,True
6S2C35,DOUARS AGHBAL,Rural,02.113.03.01,Aghbal,02.113.03.01,Commune,RUR,16113.0,4288.0,2.113,2.113,Berkane,02,DR6,Oriental,SRM ORI,Aghbal,True
6S2C39,GERANCE AGHBAL,Rural,02.113.03.01,Aghbal,02.113.03.01,Commune,RUR,16113.0,4288.0,2.113,2.113,Berkane,02,DR6,Oriental,SRM ORI,Aghbal,True
6S2D29,GERANCE OULED MANSOUR,Rural,,GERANCE OULED MANSOUR,,,,,,,2.381,Nador,02,DR6,Oriental,SRM ORI,,False
6S2E25,DOUARS MADAGH,Rural,02.113.03.11.3,Madagh,02.113.03.11,CU,URB,6910.0,1694.0,2.113,2.113,Berkane,02,DR6,Oriental,SRM ORI,Madagh,True
6S2E35,DOUARS LAATAMNA,Rural,02.113.03.09,Laatamna,02.113.03.09,Commune,RUR,14561.0,3766.0,2.113,2.113,Berkane,02,DR6,Oriental,SRM ORI,Laatamna,True
6S2E39,GERANCE LAATAMNA,Rural,02.113.03.09,Laatamna,02.113.03.09,Commune,RUR,14561.0,3766.0,2.113,2.113,Berkane,02,DR6,Oriental,SRM ORI,Laatamna,True
6S2F25,DOUARS TAFOUGHALT,Rural,02.113.05.17,Tafoughalt,02.113.05.17,Commune,RUR,2366.0,623.0,2.113,2.113,Berkane,02,DR6,Oriental,SRM ORI,Tafoughalt,True
6S2F29,GERANCE TAFOUGHALT,Rural,02.113.05.17,Tafoughalt,02.113.05.17,Commune,RUR,2366.0,623.0,2.113,2.113,Berkane,02,DR6,Oriental,SRM ORI,Tafoughalt,True
6S2F35,DOUARS S.BOUHRIA,Rural,02.113.05.15,Sidi Bouhria,02.113.05.15,Commune,RUR,4088.0,1115.0,2.113,2.113,Berkane,02,DR6,Oriental,SRM ORI,Sidi Bouhria,True
6S2F39,GERANCE S. BOUHRIA,Rural,02.113.05.15,Sidi Bouhria,02.113.05.15,Commune,RUR,4088.0,1115.0,2.113,2.113,Berkane,02,DR6,Oriental,SRM ORI,Sidi Bouhria,True
6S2F49,GERANCE RISLANE,Rural,02.113.05.13,Rislane,02.113.05.13,Commune,RUR,3783.0,1015.0,2.113,2.113,Berkane,02,DR6,Oriental,SRM ORI,Rislane,True
6S3A25,DOUARS RAS EL MA,Rural,,DOUARS RAS EL MA,,,,,,,2.381,Nador,02,DR6,Oriental,SRM ORI,,False
6S3A39,GERANCE HASSI BERKANE,Rural,02.381.07.09,Hassi Berkane,02.381.07.09,Commune,RUR,7465.0,1713.0,2.381,2.381,Nador,02,DR6,Oriental,SRM ORI,Hassi Berkane,True
6S3B15,DOUARS AL AAROUI,Rural,,DOUARS AL AAROUI,,,,,,,2.381,Nador,02,DR6,Oriental,SRM ORI,,False
6S3B39,GERANCE BNI OUKKIL,Rural,02.381.07.07,Bni Oukil Oulad M'hand,02.381.07.07,Commune,RUR,14691.0,3302.0,2.381,2.381,Nador,02,DR6,Oriental,SRM ORI,Bni Oukil Oulad M'hand,True
6S3C35,DOUARS TAOUIMA,Rural,02.381.05.09,Bouarg,02.381.05.09,Commune,RUR,44626.0,10534.0,2.381,2.381,Nador,02,DR6,Oriental,SRM ORI,Bouarg,True
6S3D15,DOUARS BNI NSAR,Rural,,DOUARS BNI NSAR,,,,,,,2.381,Nador,02,DR6,Oriental,SRM ORI,,False
6S3E15,DOUARS SELOUANE,Rural,,DOUARS SELOUANE,,,,,,,2.381,Nador,02,DR6,Oriental,SRM ORI,,False
6S3E25,DOUARS KARIAT AREKMANE,Rural,02.381.07.05.3,Kariat Arekmane,02.381.07.05,CU,URB,4602.0,1307.0,2.381,2.381,Nador,02,DR6,Oriental,SRM ORI,Arekmane,True
6S3E39,GERANCE OULED SETTOUT,Rural,02.381.07.13,Oulad Settout,02.381.07.13,Commune,RUR,26052.0,5981.0,2.381,2.381,Nador,02,DR6,Oriental,SRM ORI,Oulad Settout,True
6S3F39,GERANCE IAAZZANENE,Rural,02.381.05.13,Iaazzanene,02.381.05.13,Commune,RUR,12706.0,2925.0,2.381,2.381,Nador,02,DR6,Oriental,SRM ORI,Iaazzanene,True
6S3F49,GERANCE BNI SIDEL JBEL,Rural,02.381.05.05,Bni Sidel Jbel,02.381.05.05,Commune,RUR,8199.0,2136.0,2.381,2.381,Nador,02,DR6,Oriental,SRM ORI,Bni Sidel Jbel,True
6S3F59,GERANCE BNI SIDEL LOUTA,Rural,02.381.05.07,Bni Sidel Louta,02.381.05.07,Commune,RUR,5366.0,1387.0,2.381,2.381,Nador,02,DR6,Oriental,SRM ORI,Bni Sidel Louta,True
6S3F69,GERANCE IKSANE,Rural,02.381.05.17,Iksane,02.381.05.17,Commune,RUR,7731.0,1967.0,2.381,2.381,Nador,02,DR6,Oriental,SRM ORI,Iksane,True
GA04001273,GRAND AGADIR,Urbain,09.001.01.01,Agadir,09.001.01.01,Commune,URB,504768.0,143553.0,9.001,9.001,Agadir-Ida -Ou-Tanane,09,DR1,Souss-Massa,SRM SM,Agadir,True
GA16001,TANGER,Urbain,01.227.05.01,Al Bahraoyine,01.227.05.01,Commune,RUR,15491.0,3912.0,1.227,1.227,Fahs-Anjra,01,DR9,Tanger-Tetouan-Al Hoceima,SRM TTA,Al Bahraoyine,True
GA16002,ASSILAH,Urbain,01.511.01.01,Assilah,01.511.01.01,Commune,URB,36039.0,9745.0,1.511,1.511,Tanger-Assilah,01,DR9,Tanger-Tetouan-Al Hoceima,SRM TTA,Assilah,True
GA16571,TETOUAN+CENTRES LIÉS,Urbain,01.571.01.11,Tétouan,01.571.01.11,Commune,URB,422757.0,113837.0,1.571,1.571,Tétouan,01,DR9,Tanger-Tetouan-Al Hoceima,SRM TTA,Tétouan,True
NM1A19,GERANCE TATOFT,Rural,01.331.07.15,Tatoft,01.331.07.15,Commune,RUR,8657.0,2317.0,1.331,1.331,Larache,01,DR9,Tanger-Tetouan-Al Hoceima,SRM TTA,Tatoft,True
NM1A29,GERANCE BOUJEDIANE,Rural,01.331.07.01,Bou Jedyane,01.331.07.01,Commune,RUR,9624.0,2639.0,1.331,1.331,Larache,01,DR9,Tanger-Tetouan-Al Hoceima,SRM TTA,Bou Jedyane,True
NM1A35,DOUARS ZOUADA (ASS MY SMAIL),Rural,01.331.07.17,Zouada,01.331.07.17,Commune,RUR,25289.0,5050.0,1.331,1.331,Larache,01,DR9,Tanger-Tetouan-Al Hoceima,SRM TTA,Zouada,True
NM1A39,GERANCE ZOUADA,Rural,01.331.07.17,Zouada,01.331.07.17,Commune,RUR,25289.0,5050.0,1.331,1.331,Larache,01,DR9,Tanger-Tetouan-Al Hoceima,SRM TTA,Zouada,True
NM1A49,GERANCE OULED OUCHIH,Rural,01.331.11.03,Oulad Ouchih,01.331.11.03,Commune,RUR,13409.0,2765.0,1.331,1.331,Larache,01,DR9,Tanger-Tetouan-Al Hoceima,SRM TTA,Oulad Ouchih,True
NM1A59,GERANCE KSAR BJIR,Rural,01.331.07.03,Ksar Bjir,01.331.07.03,Commune,RUR,17182.0,4028.0,1.331,1.331,Larache,01,DR9,Tanger-Tetouan-Al Hoceima,SRM TTA,Ksar Bjir,True
NM1A69,GERANCE SOUK TOLBA,Rural,01.331.11.13,Souk Tolba,01.331.11.13,Commune,RUR,12855.0,2894.0,1.331,1.331,Larache,01,DR9,Tanger-Tetouan-Al Hoceima,SRM TTA,Souk Tolba,True
NM1A79,GERANCE SOUAKEN,Rural,01.331.11.12,Souaken,01.331.11.12,Commune,RUR,12582.0,2699.0,1.331,1.331,Larache,01,DR9,Tanger-Tetouan-Al Hoceima,SRM TTA,Souaken,True
NM1A89,GERANCE RISSANA JANOUBIA,Rural,01.331.11.09,Rissana Janoubia,01.331.11.09,Commune,RUR,19480.0,3814.0,1.331,1.331,Larache,01,DR9,Tanger-Tetouan-Al Hoceima,SRM TTA,Rissana Janoubia,True
NM1A99,GERANCE SOUK EL QOLLA,Rural,01.331.07.11,Souk L'qolla,01.331.07.11,Commune,RUR,13592.0,3176.0,1.331,1.331,Larache,01,DR9,Tanger-Tetouan-Al Hoceima,SRM TTA,Souk L'qolla,True
NM1B59,GERANCE AZINATE,Rural,01.571.05.27,Zinat,01.571.05.27,Commune,RUR,8214.0,1726.0,1.571,1.571,Tétouan,01,DR9,Tanger-Tetouan-Al Hoceima,SRM TTA,Zinat,True
NM1D19,GERANCE LARBAA AYACHA,Rural,01.331.09.01,Ayacha,01.331.09.01,Commune,RUR,6925.0,1775.0,1.331,1.331,Larache,01,DR9,Tanger-Tetouan-Al Hoceima,SRM TTA,Ayacha,True
NM1D49,GERANCE SAHEL CHAMALI,Rural,01.511.03.11,Sahel Chamali,01.511.03.11,Commune,RUR,5028.0,1235.0,1.511,1.511,Tanger-Assilah,01,DR9,Tanger-Tetouan-Al Hoceima,SRM TTA,Sahel Chamali,True
NM1D59,GERANCE MOULAY ABDESLAM BEN M'CHICH,Rural,,GERANCE MOULAY ABDESLAM BEN M'CHICH,,,,,,,1.151,Chefchaouen,01,DR9,Tanger-Tetouan-Al Hoceima,SRM TTA,,False
NM1D69,GERANCE RISSANA CHAMALIA ET DOUARS,Rural,01.331.11.07,Rissana Chamalia,01.331.11.07,Commune,RUR,12961.0,2797.0,1.331,1.331,Larache,01,DR9,Tanger-Tetouan-Al Hoceima,SRM TTA,Rissana Chamalia,True
NM1D89,GERANCE BNI AROUSS ET DOUARS,Rural,01.331.09.03,Bni Arouss,01.331.09.03,Commune,RUR,7337.0,1971.0,1.331,1.331,Larache,01,DR9,Tanger-Tetouan-Al Hoceima,SRM TTA,Bni Arouss,True
NM1D99,GERANCE BNI GARFETT,Rural,01.331.09.05,Bni Garfett,01.331.09.05,Commune,RUR,11311.0,2713.0,1.331,1.331,Larache,01,DR9,Tanger-Tetouan-Al Hoceima,SRM TTA,Bni Garfett,True
NM2C19,GERANCE KAA ASRAS,Rural,,GERANCE KAA ASRAS,,,,,,,1.151,Chefchaouen,01,DR9,Tanger-Tetouan-Al Hoceima,SRM TTA,,False
NM2C39,GERANCE STIHAT,Rural,01.151.07.07,Steha,01.151.07.07,Commune,RUR,11452.0,2432.0,1.151,1.151,Chefchaouen,01,DR9,Tanger-Tetouan-Al Hoceima,SRM TTA,Steha,True
NM2C49,GERANCE BOUHMED,Rural,,GERANCE BOUHMED,,,,,,,1.151,Chefchaouen,01,DR9,Tanger-Tetouan-Al Hoceima,SRM TTA,,False
NM2C59,GERANCE TARGHA,Rural,,GERANCE TARGHA,,,,,,,1.151,Chefchaouen,01,DR9,Tanger-Tetouan-Al Hoceima,SRM TTA,,False
NM2C69,GERANCE AMTER,Rural,01.151.09.01,Amtar,01.151.09.01,Commune,RUR,8568.0,1814.0,1.151,1.151,Chefchaouen,01,DR9,Tanger-Tetouan-Al Hoceima,SRM TTA,Amtar,True
NM2C79,GERANCE TASSIFT,Rural,01.151.07.11,Tassift,01.151.07.11,Commune,RUR,6924.0,1459.0,1.151,1.151,Chefchaouen,01,DR9,Tanger-Tetouan-Al Hoceima,SRM TTA,Tassift,True
NM2D39,GERANCE BNI RZINE,Rural,01.151.09.09,Bni Rzine,01.151.09.09,Commune,RUR,16539.0,3366.0,1.151,1.151,Chefchaouen,01,DR9,Tanger-Tetouan-Al Hoceima,SRM TTA,Bni Rzine,True
NM2D49,GERANCE FIFI,Rural,01.151.05.11,Fifi,01.151.05.11,Commune,RUR,6762.0,1627.0,1.151,1.151,Chefchaouen,01,DR9,Tanger-Tetouan-Al Hoceima,SRM TTA,Fifi,True
NM2D59,GERANCE HAD LAGHDIR,Rural,01.151.05.13,Laghdir,01.151.05.13,Commune,RUR,6454.0,1526.0,1.151,1.151,Chefchaouen,01,DR9,Tanger-Tetouan-Al Hoceima,SRM TTA,Laghdir,True
NM2D69,GERANCE TANQOUB,Rural,01.151.05.15,Tanaqoub,01.151.05.15,Commune,RUR,8097.0,1808.0,1.151,1.151,Chefchaouen,01,DR9,Tanger-Tetouan-Al Hoceima,SRM TTA,Tanaqoub,True
NM2D79,GERANCE DERDARA,Rural,01.151.05.09,Derdara,01.151.05.09,Commune,RUR,11276.0,2506.0,1.151,1.151,Chefchaouen,01,DR9,Tanger-Tetouan-Al Hoceima,SRM TTA,Derdara,True
NM2E15,DOUARS ZOUMI,Rural,01.405.11.11.3,Zoumi,01.405.11.11,CU,URB,4662.0,1407.0,1.405,1.405,Ouezzane,01,DR9,Tanger-Tetouan-Al Hoceima,SRM TTA,Zoumi,True
NM2E35,DOUARS BRIKCHA,Rural,01.405.09.05.3,Brikcha,01.405.09.05,CU,URB,1156.0,388.0,1.405,1.405,Ouezzane,01,DR9,Tanger-Tetouan-Al Hoceima,SRM TTA,Brikcha,True
NM2E45,DOUARS AIN BEIDA,Rural,01.405.09.01,Ain Beida,01.405.09.01,Commune,RUR,10368.0,2690.0,1.405,1.405,Ouezzane,01,DR9,Tanger-Tetouan-Al Hoceima,SRM TTA,Ain Beida,True
NM2E49,GERANCE AIN BEIDA,Rural,01.405.09.01,Ain Beida,01.405.09.01,Commune,RUR,10368.0,2690.0,1.405,1.405,Ouezzane,01,DR9,Tanger-Tetouan-Al Hoceima,SRM TTA,Ain Beida,True
NM2E55,DOUARS MASMOUDA (M'ZERFOUN),Rural,01.405.07.05,Masmouda,01.405.07.05,Commune,RUR,14594.0,4006.0,1.405,1.405,Ouezzane,01,DR9,Tanger-Tetouan-Al Hoceima,SRM TTA,Masmouda,True
NM2E59,GERANCE MASMOUDA,Rural,01.405.07.05,Masmouda,01.405.07.05,Commune,RUR,14594.0,4006.0,1.405,1.405,Ouezzane,01,DR9,Tanger-Tetouan-Al Hoceima,SRM TTA,Masmouda,True
NM2E65,DOUARS ASJEN,Rural,01.405.09.03,Asjen,01.405.09.03,Commune,RUR,11479.0,3048.0,1.405,1.405,Ouezzane,01,DR9,Tanger-Tetouan-Al Hoceima,SRM TTA,Asjen,True
NM2E69,GERANCE ASJEN,Rural,01.405.09.03,Asjen,01.405.09.03,Commune,RUR,11479.0,3048.0,1.405,1.405,Ouezzane,01,DR9,Tanger-Tetouan-Al Hoceima,SRM TTA,Asjen,True
NM2F00,GERANCE MZEFROUN,Rural,01.405.07.07,Mzefroune,01.405.07.07,Commune,RUR,6226.0,1798.0,1.405,1.405,Ouezzane,01,DR9,Tanger-Tetouan-Al Hoceima,SRM TTA,Mzefroune,True
NM2F15,DOUARS SIDI REDOUANE (BNI QUOLLA),Rural,01.405.07.15.3,Sidi Redouane,01.405.07.15,CU,URB,4112.0,1124.0,1.405,1.405,Ouezzane,01,DR9,Tanger-Tetouan-Al Hoceima,SRM TTA,Sidi Redouane,True
NM2F25,DOUARS TEROUAL (ZGHIRA),Rural,01.405.13.17,Teroual,01.405.13.17,Commune,RUR,11673.0,3322.0,1.405,1.405,Ouezzane,01,DR9,Tanger-Tetouan-Al Hoceima,SRM TTA,Teroual,True
NM2F29,GERANCE TEROUAL,Rural,01.405.13.17,Teroual,01.405.13.17,Commune,RUR,11673.0,3322.0,1.405,1.405,Ouezzane,01,DR9,Tanger-Tetouan-Al Hoceima,SRM TTA,Teroual,True
NM2F35,DOUARS AIN DORRIJ (LAMJAARA),Rural,01.405.13.03.3,Ain Dorij,01.405.13.03,CU,URB,4852.0,1319.0,1.405,1.405,Ouezzane,01,DR9,Tanger-Tetouan-Al Hoceima,SRM TTA,Lamjaara,True
NM2F49,GERANCE SIDI BOUSBER,Rural,01.405.13.13,Sidi Bousber,01.405.13.13,Commune,RUR,9671.0,2696.0,1.405,1.405,Ouezzane,01,DR9,Tanger-Tetouan-Al Hoceima,SRM TTA,Sidi Bousber,True
NM3C65,DOUARS OUNNANA,Rural,01.405.13.09,Ounnana,01.405.13.09,Commune,RUR,12123.0,3185.0,1.405,1.405,Ouezzane,01,DR9,Tanger-Tetouan-Al Hoceima,SRM TTA,Ounnana,True
NM3C69,GERANCE OUNNANA,Rural,01.405.13.09,Ounnana,01.405.13.09,Commune,RUR,12123.0,3185.0,1.405,1.405,Ouezzane,01,DR9,Tanger-Tetouan-Al Hoceima,SRM TTA,Ounnana,True
NM4A19,GERANCE KSAR SGHIR,Rural,01.227.05.05,Ksar Sghir,01.227.05.05,Commune,RUR,17125.0,4391.0,1.227,1.227,Fahs-Anjra,01,DR9,Tanger-Tetouan-Al Hoceima,SRM TTA,Ksar Sghir,True
NM4A29,GERANCE KSAR MAJAZ,Rural,01.227.03.13,Ksar El Majaz,01.227.03.13,Commune,RUR,12703.0,3437.0,1.227,1.227,Fahs-Anjra,01,DR9,Tanger-Tetouan-Al Hoceima,SRM TTA,Ksar El Majaz,True
NM4A39,GERANCE MELLOUSSA,Rural,01.227.05.09,Malloussa,01.227.05.09,Commune,RUR,18854.0,4627.0,1.227,1.227,Fahs-Anjra,01,DR9,Tanger-Tetouan-Al Hoceima,SRM TTA,Malloussa,True
NM4A49,GERANCE JOUAMAA,Rural,01.227.03.11,Jouamaa,01.227.03.11,Commune,RUR,10039.0,2416.0,1.227,1.227,Fahs-Anjra,01,DR9,Tanger-Tetouan-Al Hoceima,SRM TTA,Jouamaa,True
NM4B19,GERANCE KHMISS ANJRA,Rural,01.227.03.05.3,Anjra,01.227.03.05,CU,URB,3763.0,899.0,1.227,1.227,Fahs-Anjra,01,DR9,Tanger-Tetouan-Al Hoceima,SRM TTA,Anjra,True
NM4B29,GERANCE SOUK KDIM,Rural,01.571.03.19,Souk Kdim,01.571.03.19,Commune,RUR,8699.0,1986.0,1.571,1.571,Tétouan,01,DR9,Tanger-Tetouan-Al Hoceima,SRM TTA,Souk Kdim,True
NM4B39,GERANCE SAHTRYINE,Rural,01.571.03.21,Sahtryine,01.571.03.21,Commune,RUR,8733.0,1987.0,1.571,1.571,Tétouan,01,DR9,Tanger-Tetouan-Al Hoceima,SRM TTA,Sahtryine,True
NM4C29,GERANCE EL HAMRA,Rural,01.571.05.01,Al Hamra,01.571.05.01,Commune,RUR,11877.0,2399.0,1.571,1.571,Tétouan,01,DR9,Tanger-Tetouan-Al Hoceima,SRM TTA,Al Hamra,True
NM4C39,GERANCE ALLEYINE,Rural,01.573.01.07,Allyene,01.573.01.07,Commune,RUR,8111.0,2131.0,1.573,1.573,M'Diq-Fnideq,01,DR9,Tanger-Tetouan-Al Hoceima,SRM TTA,Allyene,True
NM5C29,GERANCE CHEKRANE,Rural,01.051.13.11,Chakrane,01.051.13.11,Commune,RUR,3306.0,773.0,1.051,1.051,Al Hoceima,01,DR5,Tanger-Tetouan-Al Hoceima,SRM TTA,Chakrane,True
NM5C39,GERANCE TIFRAOUINE,Rural,01.051.13.23,Tifarouine,01.051.13.23,Commune,RUR,3318.0,800.0,1.051,1.051,Al Hoceima,01,DR5,Tanger-Tetouan-Al Hoceima,SRM TTA,Tifarouine,True
NM5C49,GERANCE MNOUD,Rural,01.051.13.19,Nekkour,01.051.13.19,Commune,RUR,7721.0,1956.0,1.051,1.051,Al Hoceima,01,DR5,Tanger-Tetouan-Al Hoceima,SRM TTA,Nekkour,True
NM5D29,GERANCE SIDI BOUTMIM,Rural,01.051.07.19,Sidi Boutmim,01.051.07.19,Commune,RUR,8462.0,1886.0,1.051,1.051,Al Hoceima,01,DR5,Tanger-Tetouan-Al Hoceima,SRM TTA,Sidi Boutmim,True
NM5D39,GERANCE BNI BOUFRAH,Rural,01.051.03.01,Bni Boufrah,01.051.03.01,Commune,RUR,8401.0,2083.0,1.051,1.051,Al Hoceima,01,DR5,Tanger-Tetouan-Al Hoceima,SRM TTA,Bni Boufrah,True
NM5D49,GERANCE TORRES KALAIRIS,Rural,01.051.03.01,Bni Boufrah,01.051.03.01,Commune,RUR,8401.0,2083.0,1.051,1.051,Al Hoceima,01,DR5,Tanger-Tetouan-Al Hoceima,SRM TTA,Bni Boufrah,True
NM5D59,GERANCE SNADA,Rural,01.051.03.07,Senada,01.051.03.07,Commune,RUR,8059.0,1992.0,1.051,1.051,Al Hoceima,01,DR5,Tanger-Tetouan-Al Hoceima,SRM TTA,Senada,True
NM5D69,GERANCE BENI ABDELLAH,Rural,01.051.11.07,Bni Abdallah,01.051.11.07,Commune,RUR,4939.0,1283.0,1.051,1.051,Al Hoceima,01,DR5,Tanger-Tetouan-Al Hoceima,SRM TTA,Bni Abdallah,True
NM5D79,GERANCE ZERKAT,Rural,01.051.07.27,Zarkt,01.051.07.27,Commune,RUR,5601.0,1178.0,1.051,1.051,Al Hoceima,01,DR5,Tanger-Tetouan-Al Hoceima,SRM TTA,Zarkt,True
NM5D89,GERANCE BENI GMIL,Rural,01.051.03.03,Bni Gmil,01.051.03.03,Commune,RUR,7752.0,1546.0,1.051,1.051,Al Hoceima,01,DR5,Tanger-Tetouan-Al Hoceima,SRM TTA,Bni Gmil,True
NM5D99,GERANCE BENI AMMART,Rural,01.051.07.05,Bni Ammart,01.051.07.05,Commune,RUR,5583.0,1242.0,1.051,1.051,Al Hoceima,01,DR5,Tanger-Tetouan-Al Hoceima,SRM TTA,Bni Ammart,True
NM5DA9,GERANCE ROUADI,Rural,01.051.11.21,Rouadi,01.051.11.21,Commune,RUR,6858.0,1741.0,1.051,1.051,Al Hoceima,01,DR5,Tanger-Tetouan-Al Hoceima,SRM TTA,Rouadi,True
NM5F29,GERANCE TLET KETEMA,Rural,01.051.09.15,Ketama,01.051.09.15,Commune,RUR,16690.0,3699.0,1.051,1.051,Al Hoceima,01,DR5,Tanger-Tetouan-Al Hoceima,SRM TTA,Ketama,True
NM5F39,GERANCE MY AHMED CHRIF,Rural,01.051.09.17,Moulay Ahmed Cherif,01.051.09.17,Commune,RUR,9357.0,1836.0,1.051,1.051,Al Hoceima,01,DR5,Tanger-Tetouan-Al Hoceima,SRM TTA,Moulay Ahmed Cherif,True
NM5G25,DOUARS IZEMMOUREN,Rural,01.051.11.15,Izemmouren,01.051.11.15,Commune,RUR,6365.0,1682.0,1.051,1.051,Al Hoceima,01,DR5,Tanger-Tetouan-Al Hoceima,SRM TTA,Izemmouren,True
NM5G29,GERANCE IZEMMOUREN,Rural,01.051.11.15,Izemmouren,01.051.11.15,Commune,RUR,6365.0,1682.0,1.051,1.051,Al Hoceima,01,DR5,Tanger-Tetouan-Al Hoceima,SRM TTA,Izemmouren,True
NM5G69,GERANCE LOUTA,Rural,01.051.13.17,Louta,01.051.13.17,Commune,RUR,4408.0,1050.0,1.051,1.051,Al Hoceima,01,DR5,Tanger-Tetouan-Al Hoceima,SRM TTA,Louta,True
NM5G79,GERANCE AZGHAR,Rural,,GERANCE AZGHAR,,,,,,,3.531,Taounate,03,DR5,Fès-Meknès,SRM FM,,False
